[
    {
        "id": 4,
        "person_id": 1,
        "accepted_date": "2014-01-05",
        "appointed_date": "2014-01-05",
        "job_title_id": 7
    },
    {
        "id": 5,
        "person_id": 2,
        "accepted_date": "2014-01-05",
        "appointed_date": "2014-01-05",
        "job_title_id": 7
    },
    {
        "id": 8,
        "person_id": 3,
        "accepted_date": "2014-01-05",
        "appointed_date": "2014-01-05",
        "job_title_id": 10
    },
    {
        "id": 9,
        "person_id": 4,
        "accepted_date": "2014-01-05",
        "appointed_date": "2014-01-05",
        "job_title_id": 21
    },
    {
        "id": 12,
        "person_id": 5,
        "accepted_date": "2013-12-05",
        "appointed_date": "2015-01-05",
        "job_title_id": 11
    },
    {
        "id": 13,
        "person_id": 6,
        "accepted_date": "2013-11-23",
        "appointed_date": "2015-01-05",
        "job_title_id": 9
    },
    {
        "id": 16,
        "person_id": 7,
        "accepted_date": "2014-01-05",
        "appointed_date": "2014-01-05",
        "job_title_id": 20
    },
    {
        "id": 18,
        "person_id": 8,
        "accepted_date": "2013-11-04",
        "appointed_date": "2014-11-04",
        "job_title_id": 1
    },
    {
        "id": 22,
        "person_id": 9,
        "accepted_date": "2014-01-05",
        "appointed_date": "2015-04-05",
        "job_title_id": 8
    },
    {
        "id": 23,
        "person_id": 10,
        "accepted_date": "2014-01-05",
        "appointed_date": "2015-04-05",
        "job_title_id": 8
    },
    {
        "id": 24,
        "person_id": 11,
        "accepted_date": "2014-01-05",
        "appointed_date": "2015-04-05",
        "job_title_id": 12
    },
    {
        "id": 25,
        "person_id": 12,
        "accepted_date": "2014-01-05",
        "appointed_date": "2015-04-05",
        "job_title_id": 12
    },
    {
        "id": 28,
        "person_id": 13,
        "accepted_date": "2014-01-05",
        "appointed_date": "2015-04-05",
        "job_title_id": 1
    },
    {
        "id": 29,
        "person_id": 14,
        "accepted_date": "2014-01-05",
        "appointed_date": "2015-04-05",
        "job_title_id": 2
    },
    {
        "id": 30,
        "person_id": 15,
        "accepted_date": "2014-01-05",
        "appointed_date": "2015-04-05",
        "job_title_id": 3
    },
    {
        "id": 32,
        "person_id": 16,
        "accepted_date": "2013-12-02",
        "appointed_date": "2015-03-02",
        "job_title_id": 13
    },
    {
        "id": 33,
        "person_id": 17,
        "accepted_date": "2014-01-05",
        "appointed_date": "2015-04-05",
        "job_title_id": 7
    },
    {
        "id": 34,
        "person_id": 18,
        "accepted_date": "2014-01-05",
        "appointed_date": "2015-04-05",
        "job_title_id": 6
    },
    {
        "id": 36,
        "person_id": 19,
        "accepted_date": "2014-01-20",
        "appointed_date": "2015-07-20",
        "job_title_id": 2
    },
    {
        "id": 38,
        "person_id": 20,
        "accepted_date": "2014-01-16",
        "appointed_date": "2015-04-16",
        "job_title_id": 13
    },
    {
        "id": 42,
        "person_id": 21,
        "accepted_date": "2014-03-17",
        "appointed_date": "2015-06-17",
        "job_title_id": 7
    },
    {
        "id": 43,
        "person_id": 22,
        "accepted_date": "2014-03-25",
        "appointed_date": "2015-06-25",
        "job_title_id": 6
    },
    {
        "id": 52,
        "person_id": 23,
        "accepted_date": "2014-08-25",
        "appointed_date": "2015-11-25",
        "job_title_id": 5
    },
    {
        "id": 56,
        "person_id": 23,
        "accepted_date": "2014-11-03",
        "appointed_date": "2015-11-17",
        "job_title_id": 9
    },
    {
        "id": 59,
        "person_id": 24,
        "accepted_date": "2015-01-05",
        "appointed_date": "2016-04-19",
        "job_title_id": 13
    },
    {
        "id": 62,
        "person_id": 25,
        "accepted_date": "2015-03-05",
        "appointed_date": "2016-06-19",
        "job_title_id": 7
    },
    {
        "id": 67,
        "person_id": 26,
        "accepted_date": "2015-05-25",
        "appointed_date": "2016-08-25",
        "job_title_id": 8
    },
    {
        "id": 68,
        "person_id": 27,
        "accepted_date": "2015-08-01",
        "appointed_date": "2016-11-01",
        "job_title_id": 17
    },
    {
        "id": 70,
        "person_id": 28,
        "accepted_date": "2015-09-28",
        "appointed_date": "2016-12-28",
        "job_title_id": 7
    },
    {
        "id": 73,
        "person_id": 29,
        "accepted_date": "2015-11-25",
        "appointed_date": "2016-11-25",
        "job_title_id": 18
    },
    {
        "id": 77,
        "person_id": 30,
        "accepted_date": "2016-04-04",
        "appointed_date": "2017-07-04",
        "job_title_id": 22
    },
    {
        "id": 79,
        "person_id": 31,
        "accepted_date": "2016-06-27",
        "appointed_date": "2017-09-27",
        "job_title_id": 19
    },
    {
        "id": 81,
        "person_id": 32,
        "accepted_date": "2016-06-27",
        "appointed_date": "2017-09-27",
        "job_title_id": 19
    },
    {
        "id": 83,
        "person_id": 33,
        "accepted_date": "2016-09-13",
        "appointed_date": "2017-12-13",
        "job_title_id": 12
    },
    {
        "id": 84,
        "person_id": 34,
        "accepted_date": null,
        "appointed_date": null,
        "job_title_id": 20
    },
    {
        "id": 85,
        "person_id": 35,
        "accepted_date": "2016-11-01",
        "appointed_date": "2018-02-01",
        "job_title_id": 12
    },
    {
        "id": 86,
        "person_id": 36,
        "accepted_date": "2016-10-21",
        "appointed_date": null,
        "job_title_id": 7
    },
    {
        "id": 87,
        "person_id": 37,
        "accepted_date": "2016-12-20",
        "appointed_date": null,
        "job_title_id": 21
    },
    {
        "id": 88,
        "person_id": 38,
        "accepted_date": "2017-07-10",
        "appointed_date": null,
        "job_title_id": 21
    },
    {
        "id": 91,
        "person_id": 39,
        "accepted_date": "2017-02-01",
        "appointed_date": null,
        "job_title_id": 24
    },
    {
        "id": 92,
        "person_id": 40,
        "accepted_date": "2017-02-02",
        "appointed_date": null,
        "job_title_id": 7
    },
    {
        "id": 94,
        "person_id": 41,
        "accepted_date": "2017-04-03",
        "appointed_date": null,
        "job_title_id": 3
    },
    {
        "id": 95,
        "person_id": 42,
        "accepted_date": "2017-04-10",
        "appointed_date": null,
        "job_title_id": 22
    },
    {
        "id": 96,
        "person_id": 43,
        "accepted_date": "2017-05-18",
        "appointed_date": null,
        "job_title_id": 2
    },
    {
        "id": 97,
        "person_id": 44,
        "accepted_date": "2017-05-16",
        "appointed_date": null,
        "job_title_id": 7
    },
    {
        "id": 98,
        "person_id": 45,
        "accepted_date": "2017-05-20",
        "appointed_date": null,
        "job_title_id": 23
    },
    {
      "id": 99,
      "person_id": 46,
        "accepted_date": "2017-06-09",
        "appointed_date": null,
        "job_title_id": 7
    },
    {
        "id": 102,
        "person_id": 47,
        "accepted_date": "2017-06-13",
        "appointed_date": null,
        "job_title_id": 7
    },
    {
        "id": 103,
        "person_id": 48,
        "accepted_date": "2017-07-08",
        "appointed_date": null,
        "job_title_id": 25
    },
    {
        "id": 104,
        "person_id": 49,
        "accepted_date": "2017-08-21",
        "appointed_date": null,
        "job_title_id": 7
    },
    {
        "id": 105,
        "person_id": 50,
        "accepted_date": "2017-10-12",
        "appointed_date": null,
        "job_title_id": 7
    },
    {
        "id": 106,
        "person_id": 51,
        "accepted_date": "2017-12-20",
        "appointed_date": null,
        "job_title_id": 7
    },
    {
        "id": 107,
        "person_id": 52,
        "accepted_date": "2017-12-13",
        "appointed_date": null,
        "job_title_id": 16
    }

]
