[
  {
    "person_id" : 52,
    "license_type_id": 6,
    "number": "449/0061/L-09/SIK-P/I/2017",
    "due_date": "2020-06-01"
  },
  {
    "person_id" : 52,
    "license_type_id": 12,
    "number": "14-01-7-2-1-15-1089697",
    "due_date": null
  },
  {
    "person_id" : 15,
    "license_type_id": 7,
    "number": "449.2/040/SIKRM/2015",
    "due_date": "2019-02-14"
  },
  {
    "person_id" : 15,
    "license_type_id": 11,
    "number": "14 10 5 2 1 14-0748158",
    "due_date": null
  },
  {
    "person_id": 30,
    "license_type_id": 9,
    "number": "19920315/SIPA_33.72/2016/2081",
    "due_date": "2020-03-15"
  },
  {
    "person_id": 30,
    "license_type_id": 10,
    "number": "19920315/STRA-UAD/2015/241161",
    "due_date": "2020-03-15"
  },
  {
    "person_id": 29,
    "license_type_id": 6,
    "number": "449/0063/L-09/SIK-P/I/2016",
    "due_date": "2019-01-14"
  },
  {
    "person_id": 29,
    "license_type_id": 12,
    "number": "14 01 5 2 1 15-1062103",
    "due_date": "2019-01-14"
  },
  {
    "person_id": 9,
    "license_type_id": 5,
    "number": "449/0056/L-11/SIK-B/I/2017",
    "due_date": "2019-05-20"
  },
  {
    "person_id": 9,
    "license_type_id": 13,
    "number": "14-02-5-2-1-14-0848676",
    "due_date": null
  },
  {
    "person_id": 12,
    "license_type_id": 4,
    "number": "19951118/SIKTTK_33.72/2014/2081",
    "due_date": "2018-11-18"
  },
  {
    "person_id": 12,
    "license_type_id": 3,
    "number": "19951118/STRTTK-332013/212499",
    "due_date": "2018-11-18"
  },
  {
    "person_id": 1,
    "license_type_id": 6,
    "number": "449/1845/L-09/SIK-P/XI/2017",
    "due_date": "2018-11-30"
  },
  {
    "person_id": 1,
    "license_type_id": 12,
    "number": "1329/MTKP JATENG/S.KET/IX/2017",
    "due_date": null
  },
  {
    "person_id": 21,
    "license_type_id": 6,
    "number": "449/1843/L-09/SIK-P/XI/2017",
    "due_date": "2018-11-30"
  },
  {
    "person_id": 21,
    "license_type_id": 12,
    "number": "1328/MTKP JATENG/S.KET/IX/2017",
    "due_date": null
  },
  {
    "person_id": 2,
    "license_type_id": 6,
    "number": "449/1844/L-09/SIK-P/XI/2017",
    "due_date": "2018-11-30"
  },
  {
    "person_id": 2,
    "license_type_id": 12,
    "number": "1327/MTKP JATENG/S.KET/IX/2017",
    "due_date": null
  }
]
