[
    {
        "id": 1,
        "name": "Wahyu Kurniawati",
        "gender": "P",
        "id_address": "Baran Wetan",
        "id_address_rt": 1,
        "id_address_rw": 1,
        "id_address_village_id": "3309080011",
        "postal_address": null,
        "postal_address_rt": null,
        "postal_address_rw": null,
        "postal_address_village_id": null,
        "religion": "Islam",
        "birth_date": "1984-02-17",
        "birth_place_regency_id": "3309",
        "blood_type": "N/A",
        "blood_type_rh": "N/A",
        "marital_status": "Menikah",
        "almamater_id": 7,
        "phone": ["085642226440"],
        "accepted_date": "2014-01-05",
        "appointed_date": "2014-01-05"
    },
    {
        "id": 2,
        "name": "Ratri Anugrah Kristini",
        "gender": "P",
        "id_address": "Perumahan Pelita",
        "id_address_rt": 2,
        "id_address_rw": 14,
        "id_address_village_id": "3313090009",
        "postal_address": null,
        "postal_address_rt": null,
        "postal_address_rw": null,
        "postal_address_village_id": null,
        "religion": "Katolik",
        "birth_date": "1987-03-04",
        "birth_place_regency_id": "3313",
        "blood_type": "N/A",
        "blood_type_rh": "N/A",
        "marital_status": "Menikah",
        "almamater_id": 8,
        "phone": ["085647556997"],
        "accepted_date": "2014-01-05",
        "appointed_date": "2014-01-05"
    },
    {
        "id": 3,
        "name": "Nur Khasanah",
        "gender": "P",
        "id_address": "Saripan",
        "id_address_rt": 2,
        "id_address_rw": 12,
        "id_address_village_id": "3311120003",
        "postal_address": null,
        "postal_address_rt": null,
        "postal_address_rw": null,
        "postal_address_village_id": null,
        "religion": "Islam",
        "birth_date": "1990-06-04",
        "birth_place_regency_id": "3311",
        "blood_type": "N/A",
        "blood_type_rh": "N/A",
        "marital_status": "Menikah",
        "almamater_id": 9,
        "phone": [],
        "accepted_date": "2014-01-05",
        "appointed_date": "2014-01-05"
    },
    {
        "id": 4,
        "name": "Ester Natalliya",
        "gender": "P",
        "id_address": "Jl. Brotoseno 3 No.1, Grogolan",
        "id_address_rt": 1,
        "id_address_rw": 5,
        "id_address_village_id": "3311120007",
        "postal_address": null,
        "postal_address_rt": null,
        "postal_address_rw": null,
        "postal_address_village_id": null,
        "religion": "Protestan",
        "birth_date": "1982-12-29",
        "birth_place_regency_id": "3311",
        "blood_type": "O",
        "blood_type_rh": "N/A",
        "marital_status": "Menikah",
        "almamater_id": 10,
        "phone": ["0271782507", "085725602999"],
        "accepted_date": "2014-01-05",
        "appointed_date": "2014-01-05"
    },
    {
        "id": 5,
        "name": "Agung Widhy Santoso",
        "gender": "L",
        "id_address": "Jl. Antariksa 3, No.69, Ngoresan",
        "id_address_rt": 3,
        "id_address_rw": 17,
        "id_address_village_id": "3372040010",
        "postal_address": null,
        "postal_address_rt": null,
        "postal_address_rw": null,
        "postal_address_village_id": null,
        "religion": "Islam",
        "birth_date": "1986-01-17",
        "birth_place_regency_id": "3372",
        "blood_type": "O",
        "blood_type_rh": "N/A",
        "marital_status": "Menikah",
        "almamater_id": 12,
        "phone": ["081392933559"],
        "accepted_date": "2013-12-05",
        "appointed_date": "2015-01-05"
    },
    {
        "id": 6,
        "name": "Widya Destiny Setiawanda",
        "gender": "P",
        "id_address": "Komp. Permata Cimanggu Blok D, No.10",
        "id_address_rt": 8,
        "id_address_rw": 7,
        "id_address_village_id": "3271060005",
        "postal_address": "Jl. Kepodang 1 No.1",
        "postal_address_rt": null,
        "postal_address_rw": null,
        "postal_address_village_id": "3372050009",
        "religion": "Islam",
        "birth_date": "1987-10-13",
        "birth_place_regency_id": "3273",
        "blood_type": "O",
        "blood_type_rh": "N/A",
        "marital_status": "Menikah",
        "almamater_id": 6,
        "phone": ["082122134001", "081280308424"],
        "accepted_date": "2013-11-23",
        "appointed_date": "2015-01-05"
    },
    {
        "id": 7,
        "name": "Sunoto",
        "gender": "L",
        "id_address": "Jl. Siwalan 3 No.24",
        "id_address_rt": 2,
        "id_address_rw": 14,
        "id_address_village_id": "3372010009",
        "postal_address": null,
        "postal_address_rt": null,
        "postal_address_rw": null,
        "postal_address_village_id": null,
        "religion": "Islam",
        "birth_date": "1976-11-08",
        "birth_place_regency_id": "3316",
        "blood_type": "N/A",
        "blood_type_rh": "N/A",
        "marital_status": "Menikah",
        "almamater_id": 11,
        "phone": ["085725300583"],
        "accepted_date": "2014-01-05",
        "appointed_date": "2014-01-05"
    },
    {
        "id": 8,
        "name": "Sartono",
        "gender": "L",
        "id_address": "Griyan",
        "id_address_rt": 2,
        "id_address_rw": 1,
        "id_address_village_id": "3313120010",
        "postal_address": null,
        "postal_address_rt": null,
        "postal_address_rw": null,
        "postal_address_village_id": null,
        "religion": "Islam",
        "birth_date": "1985-08-24",
        "birth_place_regency_id": "3313",
        "blood_type": "O",
        "blood_type_rh": "N/A",
        "marital_status": "Menikah",
        "almamater_id": 36,
        "phone": ["081393586669"],
        "accepted_date": "2013-11-04",
        "appointed_date": "2014-11-04"
    },
    {
        "id": 9,
        "name": "Feni Kurniawati",
        "gender": "P",
        "id_address": "Tegal Asri",
        "id_address_rt": 1,
        "id_address_rw": 22,
        "id_address_village_id": "3372050012",
        "postal_address": null,
        "postal_address_rt": null,
        "postal_address_rw": null,
        "postal_address_village_id": null,
        "religion": "Islam",
        "birth_date": "1991-05-20",
        "birth_place_regency_id": "3313",
        "blood_type": "O",
        "blood_type_rh": "N/A",
        "marital_status": "Menikah",
        "almamater_id": 15,
        "phone": ["087836496509", "085867100434"],
        "accepted_date": "2014-01-05",
        "appointed_date": "2015-04-05"
    },
    {
        "id": 10,
        "name": "Rika Dwi Oktaviana",
        "gender": "P",
        "id_address": "Karanglo",
        "id_address_rt": 1,
        "id_address_rw": 2,
        "id_address_village_id": "3311110012",
        "postal_address": null,
        "postal_address_rt": null,
        "postal_address_rw": null,
        "postal_address_village_id": null,
        "religion": "Islam",
        "birth_date": "1989-10-07",
        "birth_place_regency_id": "3311",
        "blood_type": "O",
        "blood_type_rh": "N/A",
        "marital_status": "Menikah",
        "almamater_id": 16,
        "phone": ["085729645206"],
        "accepted_date": "2014-01-05",
        "appointed_date": "2015-04-05"
    },
    {
        "id": 11,
        "name": "Awanda Rizki Amalia",
        "gender": "P",
        "id_address": "Jl. Flores No.2",
        "id_address_rt": 2,
        "id_address_rw": 1,
        "id_address_village_id": "3372030007",
        "postal_address": null,
        "postal_address_rt": null,
        "postal_address_rw": null,
        "postal_address_village_id": null,
        "religion": "Islam",
        "birth_date": "1992-10-07",
        "birth_place_regency_id": "3372",
        "blood_type": "A",
        "blood_type_rh": "N/A",
        "marital_status": "Lajang",
        "almamater_id": 13,
        "phone": ["085728626092"],
        "accepted_date": "2014-01-05",
        "appointed_date": "2015-04-05"
    },
    {
        "id": 12,
        "name": "Muslivania Bibi",
        "gender": "P",
        "id_address": "Jl. Mangesti Raya",
        "id_address_rt": 1,
        "id_address_rw": 3,
        "id_address_village_id": "3311100013",
        "postal_address": null,
        "postal_address_rt": null,
        "postal_address_rw": null,
        "postal_address_village_id": null,
        "religion": "Islam",
        "birth_date": "1995-11-18",
        "birth_place_regency_id": "3311",
        "blood_type": "N/A",
        "blood_type_rh": "N/A",
        "marital_status": "Menikah",
        "almamater_id": 17,
        "phone": ["085727425660"],
        "accepted_date": "2014-01-05",
        "appointed_date": "2015-04-05"
    },
    {
        "id": 13,
        "name": "Danang Haryanto",
        "gender": "L",
        "id_address": "Griyan",
        "id_address_rt": 4,
        "id_address_rw": 1,
        "id_address_village_id": "3313120010",
        "postal_address": null,
        "postal_address_rt": null,
        "postal_address_rw": null,
        "postal_address_village_id": null,
        "religion": "Islam",
        "birth_date": "1990-11-28",
        "birth_place_regency_id": "3313",
        "blood_type": "N/A",
        "blood_type_rh": "N/A",
        "marital_status": "Lajang",
        "almamater_id": 14,
        "phone": ["085728397744"],
        "accepted_date": "2014-01-05",
        "appointed_date": "2015-04-05"
    },
    {
        "id": 14,
        "name": "Merissa Fattih Fauzani",
        "gender": "P",
        "id_address": "Jl. Duku Baru No.24",
        "id_address_rt": 3,
        "id_address_rw": 12,
        "id_address_village_id": "3372010009",
        "postal_address": null,
        "postal_address_rt": null,
        "postal_address_rw": null,
        "postal_address_village_id": null,
        "religion": "Islam",
        "birth_date": "1995-03-21",
        "birth_place_regency_id": "3372",
        "blood_type": "AB",
        "blood_type_rh": "N/A",
        "marital_status": "Lajang",
        "almamater_id": 1,
        "phone": ["089672756228"],
        "accepted_date": "2014-01-05",
        "appointed_date": "2015-04-05"
    },
    {
        "id": 15,
        "name": "Annisa Fattih Nur Husna",
        "gender": "P",
        "id_address": "Jl. Duku Baru No.24",
        "id_address_rt": 3,
        "id_address_rw": 12,
        "id_address_village_id": "3372010009",
        "postal_address": null,
        "postal_address_rt": null,
        "postal_address_rw": null,
        "postal_address_village_id": null,
        "religion": "Islam",
        "birth_date": "1991-02-14",
        "birth_place_regency_id": "3372",
        "blood_type": "B",
        "blood_type_rh": "N/A",
        "marital_status": "Lajang",
        "almamater_id": 2,
        "phone": ["083865540091"],
        "accepted_date": "2014-01-05",
        "appointed_date": "2015-04-05"
    },
    {
        "id": 16,
        "name": "Giyarto",
        "gender": "L",
        "id_address": "Dung Padas",
        "id_address_rt": 1,
        "id_address_rw": 6,
        "id_address_village_id": "3312010014",
        "postal_address": null,
        "postal_address_rt": null,
        "postal_address_rw": null,
        "postal_address_village_id": null,
        "religion": "Islam",
        "birth_date": "1984-08-28",
        "birth_place_regency_id": "3312",
        "blood_type": "N/A",
        "blood_type_rh": "N/A",
        "marital_status": "Cerai",
        "almamater_id": 3,
        "phone": ["081383551288"],
        "accepted_date": "2013-12-02",
        "appointed_date": "2015-03-02"
    },
    {
        "id": 17,
        "name": "Iin Nugitasari",
        "gender": "P",
        "id_address": "Jl. Siwalan Raya No.35",
        "id_address_rt": 2,
        "id_address_rw": 14,
        "id_address_village_id": "3372010009",
        "postal_address": null,
        "postal_address_rt": null,
        "postal_address_rw": null,
        "postal_address_village_id": null,
        "religion": "Islam",
        "birth_date": "1994-11-26",
        "birth_place_regency_id": "3372",
        "blood_type": "N/A",
        "blood_type_rh": "N/A",
        "marital_status": "Menikah",
        "almamater_id": 4,
        "phone": ["085712227395"],
        "accepted_date": "2014-01-05",
        "appointed_date": "2015-04-05"
    },
    {
        "id": 18,
        "name": "Denyu Kristina Ariningsih",
        "gender": "P",
        "id_address": "Margomulyo",
        "id_address_rt": 2,
        "id_address_rw": 1,
        "id_address_village_id": "3372050013",
        "postal_address": null,
        "postal_address_rt": null,
        "postal_address_rw": null,
        "postal_address_village_id": null,
        "religion": "Islam",
        "birth_date": "1988-07-20",
        "birth_place_regency_id": "3372",
        "blood_type": "O",
        "blood_type_rh": "N/A",
        "marital_status": "Menikah",
        "almamater_id": 5,
        "phone": ["085728990393"],
        "accepted_date": "2014-01-05",
        "appointed_date": "2015-04-05"
    },
    {
        "id": 19,
        "name": "Tina Khonita",
        "gender": "P",
        "id_address": "Semanggi",
        "id_address_rt": 1,
        "id_address_rw": 6,
        "id_address_village_id": "3501010003",
        "postal_address": null,
        "postal_address_rt": null,
        "postal_address_rw": null,
        "postal_address_village_id": null,
        "religion": "Islam",
        "birth_date": "1987-09-02",
        "birth_place_regency_id": "3501",
        "blood_type": "AB",
        "blood_type_rh": "N/A",
        "marital_status": "Menikah",
        "almamater_id": 18,
        "phone": ["085289737138"],
        "accepted_date": "2014-01-20",
        "appointed_date": "2015-07-20"
    },
    {
        "id": 20,
        "name": "Dedyc Sapto Nugroho",
        "gender": "L",
        "id_address": "Pilangan",
        "id_address_rt": 2,
        "id_address_rw": 6,
        "id_address_village_id": "3313120010",
        "postal_address": null,
        "postal_address_rt": null,
        "postal_address_rw": null,
        "postal_address_village_id": null,
        "religion": "Islam",
        "birth_date": "1986-09-25",
        "birth_place_regency_id": "3313",
        "blood_type": "N/A",
        "blood_type_rh": "N/A",
        "marital_status": "Menikah",
        "almamater_id": 19,
        "phone": ["085725666825"],
        "accepted_date": "2014-01-16",
        "appointed_date": "2015-04-16"
    },
    {
        "id": 21,
        "name": "Rika Duwi Hidayat",
        "gender": "P",
        "id_address": "Bentak",
        "id_address_rt": 7,
        "id_address_rw": null,
        "id_address_village_id": "3314010008",
        "postal_address": null,
        "postal_address_rt": null,
        "postal_address_rw": null,
        "postal_address_village_id": null,
        "religion": "Islam",
        "birth_date": "1991-01-02",
        "birth_place_regency_id": "3314",
        "blood_type": "N/A",
        "blood_type_rh": "N/A",
        "marital_status": "Menikah",
        "almamater_id": 20,
        "phone": ["085725464808"],
        "accepted_date": "2014-03-17",
        "appointed_date": "2015-06-17"
    },
    {
        "id": 22,
        "name": "Rina Hapsari",
        "gender": "P",
        "id_address": "Tegal Keputren",
        "id_address_rt": 3,
        "id_address_rw": 5,
        "id_address_village_id": "3372010001",
        "postal_address": null,
        "postal_address_rt": null,
        "postal_address_rw": null,
        "postal_address_village_id": null,
        "religion": "Islam",
        "birth_date": "1989-04-03",
        "birth_place_regency_id": "3372",
        "blood_type": "0",
        "blood_type_rh": "N/A",
        "marital_status": "Lajang",
        "almamater_id": 21,
        "phone": ["085642283873"],
        "accepted_date": "2014-03-25",
        "appointed_date": "2015-06-25"
    },
    {
        "id": 23,
        "name": "Dewi Sunartini",
        "gender": "P",
        "id_address": "Perumahan Queen Garden IV Blok H 19",
        "id_address_rt": null,
        "id_address_rw": null,
        "id_address_village_id": "3311100012",
        "postal_address": null,
        "postal_address_rt": null,
        "postal_address_rw": null,
        "postal_address_village_id": null,
        "religion": "Islam",
        "birth_date": "1982-09-25",
        "birth_place_regency_id": "3312",
        "blood_type": "N/A",
        "blood_type_rh": "N/A",
        "marital_status": "Menikah",
        "almamater_id": 22,
        "phone": ["085647254871", "08885723853"],
        "accepted_date": "2014-08-25",
        "appointed_date": "2015-11-25"
    },
    {
        "id": 24,
        "name": "Budiman Gumilang Koerniawan",
        "gender": "L",
        "id_address": "Jl. Tangkuban Perahu, Villa Palem Mas No.B2",
        "id_address_rt": null,
        "id_address_rw": null,
        "id_address_village_id": "3372040011",
        "postal_address": null,
        "postal_address_rt": null,
        "postal_address_rw": null,
        "postal_address_village_id": null,
        "religion": "Islam",
        "birth_date": "1986-05-09",
        "birth_place_regency_id": "3211",
        "blood_type": "N/A",
        "blood_type_rh": "N/A",
        "marital_status": "Menikah",
        "almamater_id": 6,
        "phone": ["081808324733", "089685831869"],
        "accepted_date": "2014-11-03",
        "appointed_date": "2015-11-17"
    },
    {
        "id": 25,
        "name": "Setiawan",
        "gender": "L",
        "id_address": "Klamongan",
        "id_address_rt": 2,
        "id_address_rw": 8,
        "id_address_village_id": "3313120001",
        "postal_address": null,
        "postal_address_rt": null,
        "postal_address_rw": null,
        "postal_address_village_id": null,
        "religion": "Islam",
        "birth_date": "1986-05-15",
        "birth_place_regency_id": "3313",
        "blood_type": "N/A",
        "blood_type_rh": "N/A",
        "marital_status": "Lajang",
        "almamater_id": 24,
        "phone": ["085290087542"],
        "accepted_date": "2015-01-05",
        "appointed_date": "2016-04-19"
    },
    {
        "id": 26,
        "name": "Nungki Endarwati",
        "gender": "P",
        "id_address": "Buntit",
        "id_address_rt": 26,
        "id_address_rw": 4,
        "id_address_village_id": "3314060001",
        "postal_address": null,
        "postal_address_rt": null,
        "postal_address_rw": null,
        "postal_address_village_id": null,
        "religion": "Islam",
        "birth_date": "1991-05-09",
        "birth_place_regency_id": "3314",
        "blood_type": "N/A",
        "blood_type_rh": "N/A",
        "marital_status": "Menikah",
        "almamater_id": 27,
        "phone": ["085647555170", "082226141915"],
        "accepted_date": "2015-03-05",
        "appointed_date": "2016-06-19"
    },
    {
        "id": 27,
        "name": "Khusnul Khotimah",
        "gender": "P",
        "id_address": "Brajan",
        "id_address_rt": 1,
        "id_address_rw": 8,
        "id_address_village_id": "3309110010",
        "postal_address": null,
        "postal_address_rt": null,
        "postal_address_rw": null,
        "postal_address_village_id": null,
        "religion": "Islam",
        "birth_date": "1993-06-16",
        "birth_place_regency_id": "3309",
        "blood_type": "O",
        "blood_type_rh": "N/A",
        "marital_status": "Menikah",
        "almamater_id": 28,
        "phone": ["085702526868"],
        "accepted_date": "2015-05-25",
        "appointed_date": "2016-08-25"
    },
    {
        "id": 28,
        "name": "Yulita Rahman",
        "gender": "P",
        "id_address": "Perumahan Permata Puri 2 Blok A No.6",
        "id_address_rt": null,
        "id_address_rw": null,
        "id_address_village_id": "3313120006",
        "postal_address": null,
        "postal_address_rt": null,
        "postal_address_rw": null,
        "postal_address_village_id": null,
        "religion": "Islam",
        "birth_date": "1980-07-10",
        "birth_place_regency_id": "3310",
        "blood_type": "A",
        "blood_type_rh": "N/A",
        "marital_status": "Menikah",
        "almamater_id": 29,
        "phone": ["081329983867"],
        "accepted_date": "2015-08-01",
        "appointed_date": "2016-11-01"
    },
    {
        "id": 29,
        "name": "Ridho Putri Mulyani",
        "gender": "P",
        "id_address": "Baron Gede",
        "id_address_rt": 2,
        "id_address_rw": 11,
        "id_address_village_id": "3372010004",
        "postal_address": null,
        "postal_address_rt": null,
        "postal_address_rw": null,
        "postal_address_village_id": null,
        "religion": "Islam",
        "birth_date": "1994-01-14",
        "birth_place_regency_id": "3372",
        "blood_type": "A",
        "blood_type_rh": "N/A",
        "marital_status": "Menikah",
        "almamater_id": 30,
        "phone": ["085727739938"],
        "accepted_date": "2015-09-28",
        "appointed_date": "2016-12-28"
    },
    {
        "id": 30,
        "name": "Tri Wahyu Dewi Permatasari",
        "gender": "P",
        "id_address": "Branjangan",
        "id_address_rt": 2,
        "id_address_rw": 5,
        "id_address_village_id": "3310020015",
        "postal_address": null,
        "postal_address_rt": null,
        "postal_address_rw": null,
        "postal_address_village_id": null,
        "religion": "Islam",
        "birth_date": "1992-03-15",
        "birth_place_regency_id": "3310",
        "blood_type": "B",
        "blood_type_rh": "N/A",
        "marital_status": "Menikah",
        "almamater_id": 31,
        "phone": [],
        "accepted_date": "2015-11-25",
        "appointed_date": "2016-11-25"
    },
    {
        "id": 31,
        "name": "Irwan Prihatno Nugroho",
        "gender": "L",
        "id_address": "Kandang Sapi",
        "id_address_rt": 2,
        "id_address_rw": 34,
        "id_address_village_id": "3372040010",
        "postal_address": null,
        "postal_address_rt": null,
        "postal_address_rw": null,
        "postal_address_village_id": null,
        "religion": "Islam",
        "birth_date": "1980-05-08",
        "birth_place_regency_id": "3310",
        "blood_type": "N/A",
        "blood_type_rh": "N/A",
        "marital_status": "Menikah",
        "almamater_id": 32,
        "phone": ["085727427700", "085385548927"],
        "accepted_date": "2016-04-04",
        "appointed_date": "2017-07-04"
    },
    {
        "id": 32,
        "name": "Regina Kuskarna Eka Dewi",
        "gender": "P",
        "id_address": "No: 465",
        "id_address_rt": 12,
        "id_address_rw": 14,
        "id_address_village_id": "3309090005",
        "postal_address": null,
        "postal_address_rt": null,
        "postal_address_rw": null,
        "postal_address_village_id": null,
        "religion": "Katolik",
        "birth_date": "1992-06-06",
        "birth_place_regency_id": "3309",
        "blood_type": "N/A",
        "blood_type_rh": "N/A",
        "marital_status": "Menikah",
        "almamater_id": 33,
        "phone": ["089673484766"],
        "accepted_date": "2016-06-27",
        "appointed_date": "2017-09-27"
    },
    {
        "id": 33,
        "name": "Arlinda Ayudyasari",
        "gender": "P",
        "id_address": "Thekil",
        "id_address_rt": 2,
        "id_address_rw": 5,
        "id_address_village_id": "3501020002",
        "postal_address": null,
        "postal_address_rt": null,
        "postal_address_rw": null,
        "postal_address_village_id": null,
        "religion": "Islam",
        "birth_date": "1989-07-20",
        "birth_place_regency_id": "3501",
        "blood_type": "N/A",
        "blood_type_rh": "N/A",
        "marital_status": "Lajang",
        "almamater_id": 34,
        "phone": [],
        "accepted_date": "2016-06-27",
        "appointed_date": "2017-09-27"
    },
    {
        "id": 34,
        "name": "Diyah Arum Kartikaningtyas",
        "gender": "P",
        "id_address": "Kaliniti",
        "id_address_rt": 2,
        "id_address_rw": 4,
        "id_address_village_id": "3311100011",
        "postal_address": null,
        "postal_address_rt": null,
        "postal_address_rw": null,
        "postal_address_village_id": null,
        "religion": "Islam",
        "birth_date": "1995-06-05",
        "birth_place_regency_id": "3311",
        "blood_type": "N/A",
        "blood_type_rh": "N/A",
        "marital_status": "Lajang",
        "almamater_id": 35,
        "phone": ["085647203121"],
        "accepted_date": "2016-09-13",
        "appointed_date": "2017-12-13"
    },
    {
        "id": 35,
        "name": "Jarman",
        "gender": "L",
        "id_address": "Kalitambak",
        "id_address_rt": 2,
        "id_address_rw": 9,
        "id_address_village_id": "3306060022",
        "postal_address": null,
        "postal_address_rt": null,
        "postal_address_rw": null,
        "postal_address_village_id": null,
        "religion": "Islam",
        "birth_date": "1994-01-11",
        "birth_place_regency_id": "3306",
        "blood_type": "O",
        "blood_type_rh": "N/A",
        "marital_status": "Menikah",
        "almamater_id": 43,
        "phone": ["085743201914"],
        "accepted_date": null,
        "appointed_date": null
    },
    {
        "id": 36,
        "name": "Desi Arfiana",
        "gender": "P",
        "id_address": "Wonorejo",
        "id_address_rt": 4,
        "id_address_rw": 11,
        "id_address_village_id": "3313130001",
        "postal_address": null,
        "postal_address_rt": null,
        "postal_address_rw": null,
        "postal_address_village_id": null,
        "religion": "Islam",
        "birth_date": "1993-12-23",
        "birth_place_regency_id": "3313",
        "blood_type": "N/A",
        "blood_type_rh": "N/A",
        "marital_status": "Lajang",
        "almamater_id": 17,
        "phone": ["089669349436"],
        "accepted_date": "2016-11-01",
        "appointed_date": "2018-02-01"
    },
    {
        "id": 37,
        "name": "Devi Eka Rahmawati",
        "gender": "P",
        "id_address": "Dolon",
        "id_address_rt": 1,
        "id_address_rw": 7,
        "id_address_village_id": "3310040009",
        "postal_address": null,
        "postal_address_rt": null,
        "postal_address_rw": null,
        "postal_address_village_id": null,
        "religion": "Islam",
        "birth_date": "1995-06-16",
        "birth_place_regency_id": "3310",
        "blood_type": "N/A",
        "blood_type_rh": "N/A",
        "marital_status": "Lajang",
        "almamater_id": 37,
        "phone": ["085712962403", "085601732212"],
        "accepted_date": "2016-10-21",
        "appointed_date": null
    },
    {
        "id": 38,
        "name": "Daniel Sinung Krisanggra Putra",
        "gender": "L",
        "id_address": "Margomulyo",
        "id_address_rt": 2,
        "id_address_rw": 1,
        "id_address_village_id": "3372050013",
        "postal_address": null,
        "postal_address_rt": null,
        "postal_address_rw": null,
        "postal_address_village_id": null,
        "religion": "Protestan",
        "birth_date": "1992-05-16",
        "birth_place_regency_id": "3372",
        "blood_type": "O",
        "blood_type_rh": "N/A",
        "marital_status": "Lajang",
        "almamater_id": 46,
        "phone": ["085725609107"],
        "accepted_date": "2016-12-20",
        "appointed_date": null
    },
    {
        "id": 39,
        "name": "Yohanes Bosco Boyke Purawan",
        "gender": "L",
        "id_address": "Perum Griya Kertonatan",
        "id_address_rt": 5,
        "id_address_rw": 4,
        "id_address_village_id": "3311120008",
        "postal_address": null,
        "postal_address_rt": null,
        "postal_address_rw": null,
        "postal_address_village_id": null,
        "religion": "N/A",
        "birth_date": "1975-07-14",
        "birth_place_regency_id": "3471",
        "blood_type": "A",
        "blood_type_rh": "N/A",
        "marital_status": "Menikah",
        "almamater_id": 47,
        "phone": [],
        "accepted_date": "2017-07-10",
        "appointed_date": null
    },
    {
        "id": 40,
        "name": "Sendi Dwi Brimantika",
        "gender": "L",
        "id_address": "Jl. Siwalan 3 No.20",
        "id_address_rt": 2,
        "id_address_rw": 14,
        "id_address_village_id": "3372010009",
        "postal_address": null,
        "postal_address_rt": null,
        "postal_address_rw": null,
        "postal_address_village_id": null,
        "religion": "Islam",
        "birth_date": "1984-01-31",
        "birth_place_regency_id": "3273",
        "blood_type": "B",
        "blood_type_rh": "N/A",
        "marital_status": "Menikah",
        "almamater_id": 23,
        "phone": ["087821513777"],
        "accepted_date": "2017-02-01",
        "appointed_date": null
    },
    {
        "id": 41,
        "name": "Winda Fitriani",
        "gender": "P",
        "id_address": "Tanduk",
        "id_address_rt": 5,
        "id_address_rw": 2,
        "id_address_village_id": "3309020003",
        "postal_address": null,
        "postal_address_rt": null,
        "postal_address_rw": null,
        "postal_address_village_id": null,
        "religion": "Islam",
        "birth_date": "1994-10-17",
        "birth_place_regency_id": "3309",
        "blood_type": "N/A",
        "blood_type_rh": "N/A",
        "marital_status": "Lajang",
        "almamater_id": 20,
        "phone": [ "085291746777"],
        "accepted_date": "2017-02-02",
        "appointed_date": null
    },
    {
        "id": 42,
        "name": "Nindita Erminda Dewi",
        "gender": "P",
        "id_address": "Talang",
        "id_address_rt": 7,
        "id_address_rw": 2,
        "id_address_village_id": "3313100010",
        "postal_address": null,
        "postal_address_rt": null,
        "postal_address_rw": null,
        "postal_address_village_id": null,
        "religion": "Islam",
        "birth_date": "1993-05-23",
        "birth_place_regency_id": "3313",
        "blood_type": "N/A",
        "blood_type_rh": "N/A",
        "marital_status": "Lajang",
        "almamater_id": 2,
        "phone": ["081325012512"],
        "accepted_date": "2017-04-03",
        "appointed_date": null
    },
    {
        "id": 43,
        "name": "Didik Tri Santoso",
        "gender": "L",
        "id_address": "Kandangsapi",
        "id_address_rt": 2,
        "id_address_rw": 34,
        "id_address_village_id": "3372040010",
        "postal_address": null,
        "postal_address_rt": null,
        "postal_address_rw": null,
        "postal_address_village_id": null,
        "religion": "Islam",
        "birth_date": "1979-10-05",
        "birth_place_regency_id": "3372",
        "blood_type": "O",
        "blood_type_rh": "N/A",
        "marital_status": "Lajang",
        "almamater_id": 38,
        "phone": ["082221237811"],
        "accepted_date": "2017-04-10",
        "appointed_date": null
    },
    {
        "id": 44,
        "name": "Ronny Donovan",
        "gender": "L",
        "id_address": "Nangsri Kidul",
        "id_address_rt": 3,
        "id_address_rw": 1,
        "id_address_village_id": "3313140002",
        "postal_address": null,
        "postal_address_rt": null,
        "postal_address_rw": null,
        "postal_address_village_id": null,
        "religion": "Islam",
        "birth_date": "1992-09-26",
        "birth_place_regency_id": "3313",
        "blood_type": "O",
        "blood_type_rh": "N/A",
        "marital_status": "Lajang",
        "almamater_id": 39,
        "phone": ["085647237173"],
        "accepted_date": "2017-05-18",
        "appointed_date": null
    },
    {
        "id": 45,
        "name": "Budi Widayat",
        "gender": "L",
        "id_address": "Bangun Asri",
        "id_address_rt": 3,
        "id_address_rw": 2,
        "id_address_village_id": "3311030007",
        "postal_address": null,
        "postal_address_rt": null,
        "postal_address_rw": null,
        "postal_address_village_id": null,
        "religion": "Islam",
        "birth_date": "1993-05-11",
        "birth_place_regency_id": "3311",
        "blood_type": "N/A",
        "blood_type_rh": "N/A",
        "marital_status": "Lajang",
        "almamater_id": 40,
        "phone": ["082243449518"],
        "accepted_date": "2017-05-16",
        "appointed_date": null
    },
    {
        "id": 46,
        "name": "Meida Himawati",
        "gender": "P",
        "id_address": "Bulu",
        "id_address_rt": 4,
        "id_address_rw": null,
        "id_address_village_id": "3314140005",
        "postal_address": null,
        "postal_address_rt": null,
        "postal_address_rw": null,
        "postal_address_village_id": null,
        "religion": "Islam",
        "birth_date": "1994-05-18",
        "birth_place_regency_id": "3314",
        "blood_type": "B",
        "blood_type_rh": "N/A",
        "marital_status": "Lajang",
        "almamater_id": 41,
        "phone": ["089604368823"],
        "accepted_date": "2017-05-20",
        "appointed_date": null
    },
    {
        "id": 47,
        "name": "Endriyani",
        "gender": "P",
        "id_address": "Pandanrejo",
        "id_address_rt": 2,
        "id_address_rw": 16,
        "id_address_village_id": "3313140007",
        "postal_address": null,
        "postal_address_rt": null,
        "postal_address_rw": null,
        "postal_address_village_id": null,
        "religion": "Islam",
        "birth_date": "1985-10-19",
        "birth_place_regency_id": "3313",
        "blood_type": "N/A",
        "blood_type_rh": "N/A",
        "marital_status": "Menikah",
        "almamater_id": 9,
        "phone": ["085728450669"],
        "accepted_date": "2017-06-09",
        "appointed_date": null
    },
    {
        "id": 48,
        "name": "Jaiz Sugeng Santoso",
        "gender": "L",
        "id_address": "Jetis",
        "id_address_rt": 1,
        "id_address_rw": 3,
        "id_address_village_id": "3311010010",
        "postal_address": null,
        "postal_address_rt": null,
        "postal_address_rw": null,
        "postal_address_village_id": null,
        "religion": "Islam",
        "birth_date": "1993-09-17",
        "birth_place_regency_id": "3311",
        "blood_type": "N/A",
        "blood_type_rh": "N/A",
        "marital_status": "Lajang",
        "almamater_id": 20,
        "phone": [],
        "accepted_date": "2017-06-13",
        "appointed_date": null
    },
    {
        "id": 49,
        "name": "Viki Qomariah",
        "gender": "P",
        "id_address": "Sanggrahan",
        "id_address_rt": 4,
        "id_address_rw": 5,
        "id_address_village_id": "3372010007",
        "postal_address": null,
        "postal_address_rt": null,
        "postal_address_rw": null,
        "postal_address_village_id": null,
        "religion": "Islam",
        "birth_date": "1993-02-27",
        "birth_place_regency_id": "3372",
        "blood_type": "A",
        "blood_type_rh": "N/A",
        "marital_status": "Menikah",
        "almamater_id": 44,
        "phone": ["085728450669"],
        "accepted_date": "2017-07-08",
        "appointed_date": null
    },
    {
        "id": 50,
        "name": "Fauziyyah Wienda Ramadhani",
        "gender": "P",
        "id_address": "Gadingan",
        "id_address_rt": 3,
        "id_address_rw": 11,
        "id_address_village_id": "3311060011",
        "postal_address": null,
        "postal_address_rt": null,
        "postal_address_rw": null,
        "postal_address_village_id": null,
        "religion": "Islam",
        "birth_date": "1996-01-30",
        "birth_place_regency_id": "3671",
        "blood_type": "N/A",
        "blood_type_rh": "N/A",
        "marital_status": "Lajang",
        "almamater_id": 9,
        "phone": ["085702003654"],
        "accepted_date": "2017-08-21",
        "appointed_date": null
    },
    {
        "id": 51,
        "name": "Shinta Utami",
        "gender": "P",
        "id_address": "Perumahan Sri Sejahtera Gg.1 No.5, Kanep",
        "id_address_rt": 5,
        "id_address_rw": 9,
        "id_address_village_id": "3311040012",
        "postal_address": null,
        "postal_address_rt": null,
        "postal_address_rw": null,
        "postal_address_village_id": null,
        "religion": "Islam",
        "birth_date": "1995-07-11",
        "birth_place_regency_id": "3311",
        "blood_type": "N/A",
        "blood_type_rh": "N/A",
        "marital_status": "Lajang",
        "almamater_id": 20,
        "phone": [],
        "accepted_date": "2017-10-12",
        "appointed_date": null
    },
    {
        "id": 52,
        "name": "Nur'aini Andarwati",
        "gender": "P",
        "id_address": "Banaran",
        "id_address_rt": 19,
        "id_address_rw": 5,
        "id_address_village_id": "3314090001",
        "postal_address": null,
        "postal_address_rt": null,
        "postal_address_rw": null,
        "postal_address_village_id": null,
        "religion": "Islam",
        "birth_date": "1991-06-01",
        "birth_place_regency_id": "1806",
        "blood_type": "A",
        "blood_type_rh": "Positive",
        "marital_status": "Menikah",
        "almamater_id": 48,
        "phone": [],
        "accepted_date": "2017-12-20",
        "appointed_date": null
    },
    {
        "id": 53,
        "name": "Luqman Hakim",
        "gender": "L",
        "id_address": "Jl. Minapadi No.12",
        "id_address_rt": 5,
        "id_address_rw": 11,
        "id_address_village_id": "3372050011",
        "postal_address": null,
        "postal_address_rt": null,
        "postal_address_rw": null,
        "postal_address_village_id": null,
        "religion": "Islam",
        "birth_date": "1993-10-24",
        "birth_place_regency_id": "3310",
        "blood_type": "N/A",
        "blood_type_rh": "N/A",
        "marital_status": "Lajang",
        "almamater_id": 45,
        "phone": ["081329607209"],
        "accepted_date": "2017-12-13",
        "appointed_date": null
    }

]
